title,location and city,start_datetime,end_datetime,mode,price,description
"18TH ENGIEXPO INDUSTRIAL EXHIBITION VADODARA 2026","Anusuya Leprosy Ground, Vadodara","2026-02-07T09:30:00+05:30","2026-02-09T18:30:00+05:30","In-person","Free","Industrial exhibition showcasing engineering innovation, technology, and networking opportunities for industry professionals and startups"
"ANVAYA – The Innovation Summit 2026","NIMHANS Convention Centre, Bengaluru","2026-01-22T08:30:00+05:30","2026-01-22T18:00:00+05:30","In-person","Not specified","In-person innovation summit bringing together bright minds, tech enthusiasts, and startup communities to spark creativity, share ideas, and network"
"Software Training Institute","Kumbha Marg, Sunny Nagar, Jaipur","Not specified","Not specified","In-person","Free","Hands-on software training event with expert-led sessions focused on real-world applications, skill development, and networking for beginners and professionals"
"Global Art & Design Education Expo 2026 - Hyderabad","Taj Krishna, Hyderabad","2026-03-12T14:45:00+05:30","2026-03-12T19:00:00+05:30","In-person","Free","India’s largest art and design focused higher education expo bringing together leading creative institutes, academicians, and students to explore careers in arts, design, and creative technology"
"IC4Es-2026: Two Days International Conference on E-commerce, E-management, E-learning, E-governance & Sustainability","Kalinga University, Naya Raipur","2026-02-13T10:00:00+05:30","2026-02-14T16:00:00+05:30","Hybrid","Paid","International academic conference focusing on digital innovation across e-commerce, e-management, e-learning, e-governance, and sustainability, bringing together researchers, academicians, industry experts, and students to discuss emerging trends, research, and practical applications aligned with sustainable development goals"
"HEAL Uttarakhand Research Center Launch Event","Jhutiya Talla Ramgarh, Nainital","2026-02-28T10:00:00+05:30","2026-02-28T23:30:00+05:30","In-person","Free","Launch event for HEAL’s Resource and Wellness Center in the Himalayas, focused on research, wellness, and sustainable development in the fields of science, technology, and medicine"
"Electric Exhibition 2026 – India’s Biggest Electrical, Electronics, Solar","Gujarat University Convention & Exhibition Centre, Ahmedabad","2026-06-05T10:00:00+05:30","2026-06-07T18:00:00+05:30","In-person","Free","India’s leading B2B trade exhibition showcasing electrical, electronics, power, solar energy, LED lighting, industrial automation, and smart technology solutions with live demos, product launches, and industry networking"
"Adhesives, Sealants & Bonding Expo 2026","Bharat Mandapam, New Delhi","2026-07-29T10:00:00+05:30","2026-07-29T18:00:00+05:30","In-person","Free","India’s only dedicated trade exhibition for adhesives, sealants, and bonding technologies, bringing together manufacturers, suppliers, and buyers to explore innovations, applications, and business opportunities across multiple industries"
"FutureScope'26: From Ideas to Intelligent Outcomes","Vivanta Taj, Bengaluru","2026-03-14T09:00:00+05:30","2026-03-14T16:30:00+05:30","In-person","Free","Premier tech conference in Bangalore focusing on practical applications of AI agents, product management, and business analysis, featuring hands-on workshops, industry insights, and networking opportunities"
"Renewable & Hydro Energy Expo Uttarakhand","SIDCUL, Haridwar","2026-05-14T10:00:00+05:30","2026-05-16T18:00:00+05:30","In-person","Free","B2B renewable energy exhibition covering hydro, solar, wind, bioenergy, and energy storage, showcasing green technologies and enabling networking among government, industry, investors, and academia"
"Recurring Event","Symlink Technologies LLP, Kolkata","Not specified","Not specified","In-person","Paid (from $12.16)","In-person recurring event organized by ART ORGANIZER, held on multiple dates at Symlink Technologies LLP, offering various sessions with standard refund policy"
"Leveraging Robotics for Success | Bengaluru","Live Online Workshop, Bengaluru","Not specified","Not specified","Online","Paid (from $499.00)","Workshop exploring robotics fundamentals, real-world applications, and strategic implementation to drive innovation, efficiency, and productivity across industries, featuring practical insights and case studies"
"Hyderabad's Biggest Business & Tech Professional Networking Soiree","Taj Krishna, Hyderabad","2026-03-18T18:00:00+05:30","2026-03-18T21:00:00+05:30","In-person","Free / Paid ($0–$12.51)","Large-scale networking event for entrepreneurs, startups, tech professionals, and freelancers focused on collaboration, partnerships, and community building in Hyderabad"
"GCP, AWS, AZURE Data Engineering","Quality Thought, Hyderabad","2026-01-20T10:00:00+05:30","2026-01-20T12:00:00+05:30","In-person","Free","Technical seminar focused on cloud data engineering using GCP, AWS, and Azure, designed for beginners and professionals to gain practical insights and industry knowledge"
"IPCA Electronics Expo India 2026","Bharat Mandapam, New Delhi","2026-07-29T10:00:00+05:30","2026-07-31T18:00:00+05:30","In-person","Free","India’s premier electronics and PCB manufacturing expo uniting fabrication, assembly, design, testing, and certification professionals with live demos, technology showcases, and global collaboration opportunities"
"Generative AI for Society and Workplace | Delhi","Online Event, Delhi","Not specified","Not specified","Online","Paid (from $499.00)","Workshop focused on Generative AI applications in society and workplaces, covering practical use cases, automation strategies, ethical considerations, and leadership skills for AI-driven innovation"
"Cyber Security Course","Quality Thought, Hyderabad","2026-02-06T10:00:00+05:30","2026-02-06T12:00:00+05:30","In-person","Free","Hands-on cybersecurity course focused on digital defense, online threat protection, and practical skills to enhance cybersecurity knowledge for students and professionals"
"SFE India Event: what Curtain Wall System to use and where to use them","Hilton Mumbai International Airport, Mumbai","2026-01-30T18:30:00+05:30","2026-01-30T22:00:00+05:30","In-person","Free","Professional technical event by the Society of Façade Engineering focusing on curtain wall systems, façade engineering best practices, and building envelope performance, featuring expert talks and industry discussion"
"Everythingaboutwater International Conclave 2026 - Chennai","Chennai Trade Centre, Chennai","2026-01-22T10:00:00+05:30","2026-01-22T14:00:00+05:30","In-person","Paid (from $73.93)","International conclave bringing together industry leaders, innovators, policymakers, and end users to explore cutting-edge technologies, sustainable solutions, and business opportunities shaping India’s water sector, with focus on water purification and treatment innovations"
"Algorythm+/How to Leverage AI (for Absolute Beginners)","Mumbai, Mumbai","2026-01-29T19:00:00+05:30","2026-01-29T21:00:00+05:30","In-person","Paid ($73.88–$361)","Beginner-friendly lecture demystifying artificial intelligence concepts, covering ANI, AGI, and ASI, practical AI literacy for non-technical professionals, real-world applications, and ethical considerations to become future-ready"
"Bharat Print Expo 2026","Chennai Trade Centre, Chennai","2026-04-27T10:00:00+05:30","2026-04-29T18:00:00+05:30","In-person","Free","Major print industry exhibition showcasing the latest printing technologies, innovations, and design trends, offering networking and learning opportunities for professionals and enthusiasts"
"Why Devs Should Care About Cloud Cost | Hands-On Workshop in Delhi NCR","HQ27 The Headquarters, Gurugram","2026-01-31T12:00:00+05:30","2026-01-31T15:00:00+05:30","In-person","Free","Hands-on DevOps workshop focused on cloud cost optimization, Kubernetes usage insights, preventing cost spikes, integrating cost data into CI/CD workflows, and practical strategies to manage cloud spend effectively with live demos and networking"
"Harnessing AI for Marketing Innovation | Bangalore","Live Online Workshop, Bengaluru","Not specified","Not specified","Online","Paid (from $499.00)","Workshop focused on applying artificial intelligence to marketing, covering automation, personalization, customer targeting, analytics, and real-world case studies to improve campaign performance and ROI"
"Cyber Security Training In Hyderabad | Version IT","Version IT, Hyderabad","2026-01-29T10:00:00+05:30","2026-01-29T12:00:00+05:30","In-person","Free","Hands-on cybersecurity training session offering practical labs and real-world scenarios to help participants strengthen digital security skills and advance their careers"
"Eduverse Summit India 2026","India International Centre, New Delhi","2026-02-04T09:00:00+05:30","2026-02-04T21:00:00+05:30","In-person","Free / Paid ($0–$5,500)","Global higher education summit bringing together governments, universities, EdTech leaders, and policy experts to discuss innovation, collaboration, and the future of learning across continents"
"IFEX 2026","Bombay Exhibition Centre, Mumbai","2026-02-12T10:00:00+05:30","2026-02-12T18:00:00+05:30","In-person","Free","B2B international trade exhibition showcasing foundry technology, equipment, supplies, and casting capabilities, bringing together Indian and global companies to explore innovations and business opportunities in the foundry industry"
"India Tech Summit","Location TBA, New Delhi","2026-07-22T10:00:00+05:30","2026-07-22T13:00:00+05:30","In-person","Free / Paid ($0–$107.72)","International tech and startup summit featuring global speakers and partners focused on innovation, entrepreneurship, and the future of India’s technology ecosystem"
"India Energy Week 2026","Panjim Convention Centre, Panaji","2026-01-27T01:00:00+05:30","2026-01-27T01:30:00+05:30","In-person","Free","Major energy exhibition and conference bringing together global leaders from oil, gas, and renewable energy sectors to discuss sustainability, innovation, and future energy technologies in India"
"Vaccines World Summit 2026 (Solution Provider)","Hyatt Regency Pune & Residences, Pune","2026-02-10T08:00:00+05:30","2026-02-11T18:00:00+05:30","In-person","Paid (from $411.27)","International summit bringing together vaccine experts, researchers, regulators, policymakers, and industry leaders to address challenges in vaccine development, manufacturing, distribution, and global immunization with focus on innovation and equity"
"International Net Zero Summit 2026 Awards","Vivanta Goa, Panaji","Not specified","Not specified","In-person","Paid (from $19,209.16)","International summit and awards program featuring panel discussions, workshops, and certification focused on designing and scaling credible Net Zero strategies, ESG compliance, carbon accounting, finance, and sustainability leadership across industries"
"Smart Irrigation Market Estimated to Experience a Hike in Growth by 2035","Sahibzada Ajit Singh Nagar, Punjab","2026-02-13T10:00:00+05:30","2026-02-13T12:00:00+05:30","In-person","Free","In-person seminar exploring growth projections, market trends, and technological innovations in smart irrigation, highlighting opportunities in smart agriculture and future-ready irrigation solutions"
"Fintech Talks Vol 1 Presented by Tolken","T-Hub, Hyderabad","2026-01-23T18:00:00+05:30","2026-01-23T21:00:00+05:30","In-person","Free","Interactive fintech networking and workshop-style event bringing together founders, developers, and finance enthusiasts to discuss cross-border payments, real-world fintech challenges, and startup ideas in a collaborative setting"
"Virtual Career Fair | Job Fair 2026 | Land Remote AI & Tech Jobs","Online Event, Bengaluru","Not specified","Not specified","Online","Free / Paid (€0.00+)","Virtual hiring and career fair connecting sales, marketing, AI, and tech professionals with startups and companies through 1-on-1 interviews for remote and global job opportunities"
"Virtual Career Fair | Job Fair 2026 | Startup Matchmaking","Online Event, Mumbai","Not specified","Not specified","Online","Free / Paid (€0.00+)","Virtual career and startup matchmaking fair connecting sales, marketing, AI, and tech professionals with startups and companies through scheduled 1-on-1 interviews for remote and global opportunities"
"19th edition - India Drilling & Exploration Conference (IDEC) 2026","The Lalit Mumbai, Mumbai","Not specified","Not specified","In-person","Free","Industry conference focused on drilling, exploration, and production technologies in the oil and gas sector, featuring technical sessions, keynote talks, technology demonstrations, and networking to address energy security, innovation, and sustainable practices"
"Test Automation Summit | Bangalore | 2026","Location TBA, Bengaluru","2026-02-19T09:00:00+05:30","2026-02-19T17:00:00+05:30","In-person","Free","Industry-focused summit bringing together software testing and QA professionals to share best practices, real-world case studies, emerging trends, and tools in test automation and quality engineering"
"Pamex 2026","Nesco Exhibition Centre, Mumbai","2026-01-27T10:00:00+05:30","2026-01-30T18:00:00+05:30","In-person","Free","India’s leading printing and packaging exhibition showcasing advanced technologies across print, label, packaging, paper converting, textile printing, and signage industries, with focus on innovation and sustainability"
"D-arc BUILD Mumbai 2026","NESCO, Mumbai","2026-04-17T10:00:00+05:30","2026-04-19T18:00:00+05:30","In-person","Free","India’s premier exhibition for architecture, design, engineering, building, and construction materials, featuring product showcases, conferences, workshops, and networking opportunities for construction industry professionals"
"Women in Tech Pune - OutGeekWomen","Location TBA, Pune","2026-05-14T18:00:00+05:30","2026-05-14T20:30:00+05:30","In-person","Free / Paid ($0–$50)","Networking and hiring-focused event bringing together mid- and senior-level women in tech, CTOs, hiring teams, and tech professionals to connect, share insights, attend pitches, and explore career opportunities in the tech industry"
"Empowering Modern HR Teams with AI | Delhi","Online Event, Delhi","Not specified","Not specified","Online","Paid (from $499.00)","Practical workshop for HR professionals focusing on responsible use of AI in recruitment, people insights, and HR operations, covering real-world use cases, automation, decision support, and ethical adoption of AI in modern HR teams"
"STRT UP CONNECTOR","Vijaya Block, Lakshmi Nagar, New Delhi","2026-03-24T10:00:00+05:30","2026-03-24T17:00:00+05:30","In-person","Paid (£19.52)","Startup networking event bringing together entrepreneurs, investors, and innovators for panel discussions, workshops, and collaboration opportunities aimed at scaling startups and building meaningful business connections"
"VanGuard- Elevating QE through AI Innovations","TestVagrant Technologies Pvt Ltd, Bengaluru","2026-01-31T10:00:00+05:30","2026-01-31T17:00:00+05:30","In-person","Free","In-person tech event exploring how artificial intelligence is transforming Quality Engineering, focusing on smarter testing, automation, and emerging AI-driven QE innovations through talks and hands-on learning"
"Vaccines World Summit 2026 (End Users - APAC)","Hyatt Regency Pune & Residences, Pune","2026-02-10T08:00:00+05:30","2026-02-11T18:00:00+05:30","In-person","Paid (from $411.27)","International summit for vaccine end users in the APAC region, bringing together experts, researchers, regulators, policymakers, and industry leaders to address challenges in vaccine development, manufacturing, distribution, and equitable global immunization"
"Bangalore's Big Business, Tech & Entrepreneur Professional Networking Event","JW Marriott Hotel Bengaluru, Bengaluru","2026-03-17T18:00:00+05:30","2026-03-17T20:00:00+05:30","In-person","Free / Paid ($0–$12.51)","Large-scale professional networking event for entrepreneurs, startups, business and tech professionals to connect, collaborate, find co-founders or partners, and build meaningful business relationships in Bangalore"
"Artist Walkthrough","Central Park, Jaipur","2026-01-27T11:00:00+05:30","2026-01-27T12:30:00+05:30","In-person","Free","Guided walkthrough of three site-responsive art installations exploring technology, ritual, materiality, and collective memory through contemporary public art practices"
"The Design Exchange Summit 2026","Fairfield by Marriott Mumbai International Airport, Mumbai","2026-01-24T08:30:00+05:30","2026-01-24T18:00:00+05:30","In-person","Paid (from $24.60)","High-ticket B2B design and networking summit bringing together real estate developers, architects, interior designers, consultants, investors, and industry leaders to connect, collaborate, and explore how design drives commercial value"
"staaake Global Dinner Club for Founders & Creators","Agara Park Entrance Gate 4, Bengaluru","Not specified","Not specified","In-person","Free / Paid ($0.00+)","Exclusive curated weekly dinner club for founders, creators, investors, and innovators focused on meaningful conversations, long-term trust, and high-quality networking in an intimate private setting"
"The Leadership Dialogues (Edition 1)","Netaji Subhas University of Technology, New Delhi","Multiple dates (Jan 12–20, 10:30 AMGMT+5:30)","Multiple dates (Jan 12–20, 4:00 PM GMT+5:30)","In-person","Free","A multi-day leadership dialogue series bringing together industry professionals, academics, and community leaders to discuss AI-driven solutions for Delhi’s civic and social challenges, with insights contributing to the Delhi AI Grind Playbook"
"Plastindia 2026","Bharat Mandapam, Pragati Maidan, New Delhi","2026-02-05T10:00:00+05:30","2026-02-05T17:00:00+05:30","In-person","On sale / Paid","A major international plastics industry exhibition themed ‘Bharat Next’, showcasing innovations in plastic processing machinery, materials, and sustainable manufacturing technologies"
"Leadership Pivot Workshop - Pune Chapter","Radisson Blu Hotel Pune Kharadi, Pune","2026-02-07T09:30:00+05:30","2026-02-07T16:00:00+05:30","In-person","Paid ($11.13)","A strategic career accelerator workshop for mid-career professionals focusing on product leadership, career transitions, entrepreneurship readiness, and personalized 90-day action planning"
"Jharkhand Mining & Construction Show","Prabhat Tara Maidan (HEC Ground), Ranchi","2026-01-29T11:00:00+05:30","2026-01-31T19:00:00+05:30","In-person","Free","National and international trade show showcasing innovations in mining, mineral extraction, and construction industries, featuring networking, live equipment demonstrations, and business opportunities"
"Women in Tech Bengaluru - OutGeekWomen","Bengaluru (Venue TBA), Bengaluru","2026-11-12T18:00:00+05:30","2026-11-12T20:30:00+05:30","In-person","Free / Paid ($0–$50)","Networking-focused event bringing together mid- and senior-level women in tech to connect with CTOs, hiring teams, and peers through pitches, speed interviews, and professional networking opportunities"
"21st Global Investment Immigration Summit & International Real Estate Expo","Le Méridien New Delhi, New Delhi","2026-04-11T09:00:00+05:30","2026-04-11T19:00:00+05:30","In-person","Free / Paid (£0–£100)","High-impact global summit bringing together HNIs, investors, immigration advisors, real estate developers, and policymakers to explore citizenship-by-investment programs, global residency, overseas real estate, wealth structuring, and international business expansion opportunities"
"Women in Tech Hyderabad - OutGeekWomen","Hyderabad, Telangana","2026-11-11T18:00:00+05:30","2026-11-11T20:30:00+05:30","In-person","Free / Paid ($0–$50)","Networking-focused event bringing together mid- and senior-level women in tech, including software engineers, data scientists, product managers, and designers, to connect with CTOs, hiring teams, and peers through pitches, discussions, and speed interviews in Hyderabad"
"staaake in Kolkata Power Walk for AI/Tech Founders & Creators","Nipponzan Myohoji Buddhist Temple, Kolkata","2026-02-13T16:00:00+05:30","2026-02-13T17:00:00+05:30","In-person","Free","A one-hour power walk networking event for AI, tech founders, creators, and investors to connect informally while walking, build peer relationships, and continue discussions via an exclusive WhatsApp group in Kolkata"
"staaake Global Dinner Club for Founders & Creators (One time in Kolkata)","Location shared by email (Park Street area), Kolkata","Multiple dates","Multiple dates","In-person","Free / Paid (food self-paid)","A curated, invitation-only dinner club bringing together founders, creators, investors, and tech leaders for deep, high-quality conversations, long-term relationship building, and access to a private international networking community in Kolkata"
"Conceptual Understanding as an Ecosystem: Ideas, Purpose, and Practices","NAAVU SCHOOL, Whitefield, Bengaluru","2026-03-23T09:00:00+05:30","2026-03-24T15:00:00+05:30","In-person","Paid (€368.14)","A two-day professional learning workshop for educators and leaders exploring conceptual understanding as an ecosystem of ideas, shared language, purpose, and daily practice to strengthen school culture, alignment, and collaborative growth"
"NUS-ISS Graduate Programmes: Preview, Entrance Test & Interview","Four Points by Sheraton Chennai OMR, Chennai","2026-03-08T09:00:00+05:30","2026-03-08T17:00:00+05:30","In-person","Free","Preview session, entrance test, and interviews for prospective students applying to NUS-ISS Graduate Programmes (August 2026 intake) covering AI Systems, Enterprise Business Analytics, Software Engineering, and Systems Analysis"
"Bangalore 2026 FIRST Technical Colloquium","Cisco Campus Private Road, Bengaluru","2026-02-10T08:30:00+05:30","2026-02-11T17:00:00+05:30","In-person","Free","Two-day technical colloquium bringing together global cybersecurity professionals for in-depth talks, case studies, and practical insights on incident response, threat intelligence, vulnerability management, and security operations"
"VLSI Course FREE DEMO","Quality Thought, Ameerpet Hyderabad","2026-02-11T10:00:00+05:30","2026-02-11T12:00:00+05:30","In-person","Free","Free demo session introducing Very Large Scale Integration (VLSI) concepts, course structure, and learning outcomes for beginners and professionals interested in VLSI technology"
"Cloud Data Engineer GCP Cloud Data","Quality Thought, Ameerpet Hyderabad","2026-01-26T10:00:00+05:30","2026-01-26T12:00:00+05:30","In-person","Free","Free offline workshop introducing Google Cloud Platform (GCP) Cloud Data and Cloud Engineer fundamentals, covering core cloud concepts, GCP services, infrastructure, storage, networking, and career guidance through hands-on demonstrations"
"HealthCare Entrepreneur's Mixer (Mumbai)","Santacruz East, Mumbai","2026-01-30T18:00:00+05:30","2026-01-30T20:00:00+05:30","In-person","₹700","Curated and exclusive networking mixer for healthcare, health-tech, and wellness founders, CXOs, investors, and industry leaders focused on meaningful discussions around innovation, scalability, regulations, technology adoption, and collaboration within a small handpicked group"
"Women in Tech Chennai - OutGeekWomen","Chennai, Tamil Nadu (TBA)","2026-11-19T18:00:00+05:30","2026-11-19T20:30:00+05:30","In-person","Free / Paid ($0–$50)","Community-driven networking event bringing together mid- and senior-level women professionals in technology to connect with CTOs, hiring teams, and peers through tech discussions, short pitches, speed interviews, and meaningful career-focused networking"
"NUS-ISS Graduate Programmes: Preview, Entrance Test & Interview: Hyderabad","Red Fox Hotel, Hyderabad","2026-03-10T09:00:00+05:30","2026-03-10T12:00:00+05:30","In-person","Free","Preview talk, entrance test, and interview session for prospective students interested in NUS-ISS graduate programmes covering AI Systems, Enterprise Business Analytics, Software Engineering, and Systems Analysis for the August 2026 intake"
"NUS-ISS Graduate Programmes: Preview, Entrance Test & Interview: Pune","Ibis Pune Viman Nagar Hotel, Pune","2026-03-12T09:00:00+05:30","2026-03-12T12:00:00+05:30","In-person","Free","Preview talk, entrance test, and interview session for prospective students interested in NUS-ISS graduate programmes covering AI Systems, Enterprise Business Analytics, Software Engineering, and Systems Analysis for the August 2026 intake"
"Money Alpha 360°","IEML, Greater Noida","2026-04-24T10:00:00+05:30","2026-04-24T18:00:00+05:30","In-person","Free","India’s leading finance and fintech platform bringing together investments, wealth management, fintech, digital assets, AI-driven finance and emerging technologies through exhibitions, conferences, networking, demos, and awards"
"Future Defence Conclave 2026","New Delhi, India","2026-08-11T08:30:00+05:30","2026-08-12T17:30:00+05:30","In-person","Paid (From $54.13)","International defence conclave focused on future warfare, AI, aerospace, cyber, space security, and next-generation multi-domain military technologies with participation from government, armed forces, industry, startups, and global defence leaders"
"Fitness Event Repetitive","Silicon Central Mall, Dubai","Multiple dates","Multiple dates","Hybrid (In-person & Virtual)","Paid (From $108.55)","Recurring fitness event featuring daily repetitive workout classes conducted both virtually and in-gym, suitable for all ages with guided sessions led by fitness professionals"
"staaake Private Dinner: New Delhi Tech Conference AI/Tech Dinner","New Delhi, India (location shared via email)","Multiple dates","Multiple dates","In-person","Free / Paid (Early bird from $0.00)","Limited-seat private dinner networking event for founders, creators, investors, developers, and tech leaders focused on high-quality conversations, trust-building, and AI/tech startup collaboration"
"BigFix Connect In Person - Mumbai India User Group","Courtyard Mumbai International Airport, Mumbai","2026-02-06T09:00:00+05:30","2026-02-06T16:00:00+05:30","In-person","Free (Sold Out)","In-person user group event for BigFix administrators, engineers, and business owners featuring product updates, future roadmap discussions, and direct interaction with BigFix Product Management and technical advisors"
"NUS-ISS Graduate Programmes: Preview, Entrance Test & Interview: DELHI","The Muse Sarovar Portico Nehru Place, Delhi","2026-03-22T09:00:00+05:30","Not specified","In-person","Free","Preview talk, entrance test, and interview session for prospective applicants to NUS-ISS graduate programmes in AI Systems, Enterprise Business Analytics, Software Engineering, and Systems Analysis for the August 2026 intake"
"3rd Surfentech Expo Chennai 2026","Chennai Trade Centre, Nandambakkam, Chennai","2026-06-11T10:00:00+05:30","2026-06-13T18:00:00+05:30","In-person","Free","Industry expo focused on surface treatment and finishing technologies, industrial coatings, and related innovations, co-located with the 7th Expo Paint & Coatings 2026, featuring exhibitors, buyers, and cross-industry networking"
"NUS-ISS Graduate Programmes: Preview, Entrance Test & Interview: MUMBAI","Mirage Hotel Mumbai, Andheri East, Mumbai","2026-03-17T09:00:00+05:30","2026-03-17T12:00:00+05:30","In-person","Free","Preview session, entrance test, and interviews for prospective applicants to NUS-ISS Graduate Programmes (AI Systems, Enterprise Business Analytics, Software Engineering, and Systems Analysis), designed to help professionals enhance skills in data, digital transformation, and modern IT for August 2025/2026 intake"
"Bharat Chemical Tech Expo 2026","Bharat Mandapam, Pragati Maidan, New Delhi","Not specified", "Not specified","In-person","Free","India’s premier exhibition for the chemical, process, and allied industries, showcasing raw materials, plant equipment, and advanced technologies while bringing together industry leaders, innovators, and startups for networking and business opportunities"
"Startup Awards 2026","Bharat Mandapam, Pragati Maidan, New Delhi","2026-02-04T10:00:00+05:30","2026-02-04T21:30:00+05:30","In-person","Paid ($210.35)","National-level awards event by Entrepreneur India celebrating innovative startups with recognition, media exposure, investor and mentor networking, and opportunities to accelerate growth within India’s startup ecosystem"
"UI/UX Workshop","Quality Thought, Ameerpet, Hyderabad","2026-01-25T10:30:00+05:30","2026-01-25T11:30:00+05:30","In-person","Free","Hands-on offline UI/UX workshop by Quality Thought covering UI/UX fundamentals, design thinking, and real-world workflows using tools like Figma and Adobe XD, aimed at beginners and aspiring designers"
"Data Analytics Course FREE DEMO","Quality Thought, Ameerpet, Hyderabad","2026-01-27T10:00:00+05:30","2026-01-27T12:00:00+05:30","In-person","Free","Free in-person demo session introducing data analytics concepts, course structure, and career benefits for beginners and aspiring data analysts"
"WomenHack - Bangalore (Employer Ticket)","Bangalore, Karnataka","2026-04-08T18:30:00+05:30","2026-04-08T21:30:00+05:30","In-person","Paid ($726.78)","Diversity-focused recruiting and networking event for employers to connect with women in tech through 5-minute speed interviews, employer branding, and open networking in Bangalore"
"HealthCare Startup Mixer (Mumbai)","Santacruz East, Mumbai","2026-01-30T18:00:00+05:30","2026-01-30T20:00:00+05:30","In-person","Paid (₹700, approval required)","Curated and limited-attendee networking mixer for healthcare, wellness, and health-tech founders, CXOs, investors, and industry veterans to build meaningful collaborations and long-term relationships"
"Python Course Free DEMO","Quality Thought, Ameerpet, Hyderabad","2026-02-02T10:00:00+05:30","2026-02-02T12:00:00+05:30","In-person","Free","Introductory Python programming demo session for beginners and enthusiasts, offering hands-on exposure to Python basics and an overview of the full course curriculum"
"NUS-ISS Graduate Programmes: Preview, Entrance Test & Interview: Kochi","The Avenue Regent, Kochi","2026-03-19T09:00:00+05:30","2026-03-19T12:00:00+05:30","In-person","Free","Preview session, entrance test and interview for NUS-ISS graduate programmes covering AI Systems, Enterprise Business Analytics, Software Engineering, and Systems Analysis for August 2026 intake"
"Side Event: staaake Reverse Network Opening Power Walk at AI Dev Conference","Lalbagh South Gate (Siddapura Gate), Bengaluru","2026-03-12T08:00:00+05:30","2026-03-12T09:00:00+05:30","In-person","Free–Paid","Power walk networking side event for tech and AI founders, creators, investors, and conference attendees using reverse networking format"
"Global Ed Interaction In New Delhi 2026","Eros Hotel, Nehru Place, New Delhi","2026-02-01T11:00:00+05:30","2026-02-01T17:00:00+05:30","In-person","Free","Study abroad education fair with one-on-one university interactions, expert sessions, scholarships, application fee and language test waivers"
"AgentCamp 2026 - Nagpur, India","MaSyCoDa Solutions Private Limited, Nagpur","2026-03-07T10:00:00+05:30","2026-03-07T17:00:00+05:30","In-person","Free","One-day global AI community event focused on autonomous systems with deep technical talks, live framework demos, hands-on workshops, and networking for developers and tech leaders"
"DevOps Course FREE DEMO","Quality Thought, Ameerpet Hyderabad","2026-02-04T10:00:00+05:30","2026-02-04T12:00:00+05:30","In-person","Free","Free demo session introducing DevOps concepts, tools, and career opportunities with networking and course preview"
"AppSentinels – API Security Platform","Umiya Business Bay, Bengaluru","2026-03-07T10:00:00+05:30","2026-03-07T12:00:00+05:30","In-person","Free","In-person session showcasing AppSentinels’ end-to-end API security platform with quick deployment, real-time protection, and behavioral analytics"
"THE STARTUP STORIES BY BENGALURU ENTREPRENEURS","MIDAS School of Entrepreneurship Bengaluru, Bengaluru","2026-01-20T18:00:00+05:30","2026-01-20T20:00:00+05:30","In-person","Free","An interactive startup storytelling and networking event where Bengaluru entrepreneurs share real journeys, challenges, insights, and inspiration while fostering meaningful connections within the startup ecosystem"
"Generative AI Training Free DEMO Course","Quality Thought, Ameerpet Hyderabad","2026-02-19T10:00:00+05:30","2026-02-19T12:00:00+05:30","In-person","Free","A free introductory demo session on Generative AI covering fundamentals and practical insights, suitable for beginners and professionals looking to explore modern AI technologies"
"Azure Data Engineering Training in Hyderabad","Version IT Institute, Hyderabad","2026-01-23T08:00:00+05:30","2026-01-23T10:00:00+05:30","In-person","Free","Hands-on Azure Data Engineering training covering data pipelines, storage, and analytics with expert-led practical sessions for aspiring data engineers"
"In-Person 2-Day NetBrain Power User Training (Hyderabad)","SOHINI TECH PARK, Nanakramguda, Hyderabad","2026-01-21T09:00:00+05:30","2026-01-22T17:00:00+05:30","In-person","Free","Two-day in-person NetBrain Power User Training focused on no-code network automation, advanced troubleshooting, hands-on labs, and real-world network efficiency optimization"
"UI UX Scholarship Test JAN 25 2026","Quality Thought, Ameerpet, Hyderabad","2026-02-12T10:00:00+05:30","2026-02-12T12:00:00+05:30","In-person","Free","In-person UI/UX scholarship test designed to assess design fundamentals and award scholarships to eligible candidates"
"staaake Tech/AI Power Walk for Founders & Creators","Agara Park Entrance Gate 4, Bengaluru","Multiple dates","Multiple dates","In-person","Free","Informal outdoor power-walk networking event for tech and AI founders, creators, and investors focused on peer connections while walking"
"Join Biggest Community | Investors Founders | New Delhi | Online","Online, New Delhi","2026-01-21T12:30:00+05:30","2026-01-21T13:30:00+05:30","Online","Free","Online networking session connecting early-stage founders and investors for fundraising-focused relationship building through a curated community"
"Join Biggest Community | Investors Founders | Hyderabad | Online","Online, Hyderabad","2026-01-21T12:30:00+05:30","2026-01-21T13:30:00+05:30","Online","Free","Online networking session connecting early-stage founders and investors in Hyderabad for fundraising-focused relationship building through a curated community"
"Join Biggest Community | Investors Founders | Mumbai | Online","Online, Mumbai","2026-01-21T12:30:00+05:30","2026-01-21T13:30:00+05:30","Online","Free","Online networking session connecting early-stage founders and investors in Mumbai for fundraising-focused relationship building through a curated community"
"Join Biggest Community | Investors Founders | Bengaluru | Online","Online, Bengaluru","2026-01-21T12:30:00+05:30","2026-01-21T13:30:00+05:30","Online","Free","Online networking session connecting early-stage founders and investors in Bengaluru for fundraising-focused relationship building through a curated community"
"Data Science Offline Classes Bangalore","DataMites Institute, Bengaluru","2026-01-24T09:00:00+05:30","2026-08-24T11:00:00+05:30","In-person","Free","Long-term offline data science training program covering Python, Power BI, and Machine Learning with extensive hands-on sessions, internships, and placement assistance in Bangalore"
"AYURYOG EXPO 2026","IEML, Knowledge Park II, Greater Noida","2026-04-24T10:00:00+05:30","2026-04-26T18:00:00+05:30","In-person","Free","India’s flagship AYUSH and wellness expo focusing on Ayurveda, Yoga, Naturopathy, Unani, Siddha, Homeopathy, herbal and organic products, fitness, wellness services, and wellness tourism, connecting global suppliers and buyers"
"Join Biggest Community | Investors Founders | Chennai | Online","Chennai, Tamil Nadu","2026-01-21T12:30:00+05:30","2026-01-21T13:30:00+05:30","Online","Free","Curated online networking session for early-stage founders and investors to connect for fundraising, collaboration, and relationship building through a validated community format"
"Wellfest India 2026","IEML, Knowledge Park II, Greater Noida, Uttar Pradesh","2026-04-24T10:00:00+05:30","2026-04-26T18:00:00+05:30","In-person","Free","India’s largest wellness, health, and lifestyle exposition bringing together Ayurveda, fitness, smart living, holistic wellbeing, and modern health innovations in a B2B and B2C ecosystem"
"Join Biggest Community | Investors Founders | Ahmedabad | Online","Ahmedabad, Gujarat, India","2026-01-21T12:30:00+05:30","2026-01-21T13:30:00+05:30","Online","Free","Curated online networking session connecting early-stage founders and investors for fundraising, relationship building, and startup collaboration through a validated invite-only community"
"Join Biggest Community | Investors Founders | Kochi | Online","Kochi, Kerala, India","2026-01-21T12:30:00+05:30","2026-01-21T13:30:00+05:30","Online","Free","Invite-only online networking session for early-stage founders and investors to connect, discuss fundraising opportunities, and build meaningful startup relationships"
"TaSIC 2.0: Redefining the technology and society paradox","S. P. Jain Institute of Management and Research, Mumbai","2026-02-20T09:00:00+05:30","2026-02-20T17:30:00+05:30","In-person","Paid / Sales Ended","Full-day academic and practitioner conference exploring the intersection of technology and society, focusing on responsible innovation, AI impact, digital public infrastructure, regulation, sustainability, and societal well-being"
"DataMites Data Analyst Course in Pune","Datamites Pune - Data Science Analytics & Analyst Courses, Pune","2026-02-19T10:00:00+05:30","2026-02-19T12:00:00+05:30","In-person","Free","In-person data analyst course session covering data analysis, machine learning, Python, Tableau, deep learning, and AI with industry-led training, internship support, and job assistance"
"Python Full Stack Training In Hyderabad","Version IT - SAP Abap, Basis, Fico, SD, MM, SAC, HR Online Training in Hyderabad, SAP Street, Hyderabad","2026-01-28T10:30:00+05:30","2026-01-28T12:30:00+05:30","In-person","Free","Hands-on Python Full Stack training covering backend and frontend development with real-world projects, expert guidance, and career-focused skill building"
"Azure Data Engineer Training In Hyderabad","Version IT - SAP Abap, Basis, Fico, SD, MM, SAC, HR Online Training in Hyderabad, SAP Street, Hyderabad","2026-01-20T07:30:00+05:30","2026-01-20T09:30:00+05:30","In-person","Free","Hands-on Azure Data Engineer training focused on Azure data services, real-time data engineering tools, practical labs, and industry-oriented skill development"
"Bharat Fintech Summit (BFS) 2026","JW Marriott Mumbai Sahar, Andheri, Mumbai","2026-02-10T09:00:00+05:30","2026-02-11T18:00:00+05:30","In-person","Paid (US$97.88)","Two-day fintech summit bringing together industry leaders, startups, investors, and policymakers to discuss innovation, digital finance, payments, regulation, and the future of fintech in India"
"Join Biggest Community | Investors Founders | Surat | Online","Surat, Gujarat, India (Online)","2026-01-21T12:30:00+05:30","2026-01-21T13:30:00+05:30","Online","Free","Curated online networking session connecting early-stage founders and investors from Surat for fundraising discussions, relationship building, and access to a broader investor-founder community"
"Power Connect Solar Expo","Lalgarh Palace, National Highway 15, Bikaner, Rajasthan, India","2026-02-06T11:00:00+05:30","2026-02-08T19:00:00+05:30","In-person","Free","In-person solar energy expo featuring the latest solar technologies, industry experts, networking opportunities, and sustainability-focused innovations for professionals and enthusiasts"
"Join Biggest Community | Investors Founders | Puducherry | Online","Puducherry, Puducherry, India","2026-01-21T12:30:00+05:30","2026-01-21T13:30:00+05:30","Online","Free","Online networking session connecting early-stage founders and investors for fundraising, collaboration, and community building through a curated and shortlisted participant model"
"Join Biggest Community | Investors Founders | Lucknow | Online","Lucknow, Uttar Pradesh, India","2026-01-21T12:30:00+05:30","2026-01-21T13:30:00+05:30","Online","Free","Online networking event connecting early-stage founders and investors for fundraising, collaboration, and curated community building through a shortlisted participation model"
"Join Biggest Community | Investors Founders | Thrissur | Online","Thrissur, Kerala, India","2026-01-21T12:30:00+05:30","2026-01-21T13:30:00+05:30","Online","Free","Online networking event for early-stage founders and investors to connect, build relationships, and explore fundraising opportunities through a curated and shortlisted community"
"Join Biggest Community | Investors Founders | Jaipur | Online","Jaipur, Rajasthan, India","2026-01-21T12:30:00+05:30","2026-01-21T13:30:00+05:30","Online","Free","Online networking event for early-stage founders and investors to connect, build relationships, and explore fundraising opportunities through a curated and shortlisted community"
"Join Biggest Community | Investors Founders | Indore | Online","Indore, Madhya Pradesh, India","2026-01-21T12:30:00+05:30","2026-01-21T13:30:00+05:30","Online","Free","Online networking event for early-stage founders and investors to connect, build relationships, and explore fundraising opportunities through a curated and shortlisted community"
"Azure Data Engineer Training in Hyderabad | Ameerpet | Version IT Institute","Version IT Institute, Ameerpet, Hyderabad","2026-01-22T07:30:00+05:30","2026-01-22T09:30:00+05:30","In-person","Free","Hands-on Azure Data Engineer training focused on cloud data solutions, Azure tools, and practical learning guided by industry experts at Version IT Institute in Hyderabad"
"Join Biggest Community | Investors Founders | Nagpur | Online","Nagpur, Maharashtra, India","2026-01-21T12:30:00+05:30","2026-01-21T13:30:00+05:30","Online","Free","Online networking session connecting early-stage founders and investors for fundraising, relationship building, and community-driven startup discussions, hosted by Tablon Global"
"Bharat Shiksha Expo 2026","India Expo Centre & Mart, Greater Noida, Uttar Pradesh, India","2026-04-23T10:00:00+05:30","2026-04-25T17:00:00+05:30","In-person","Free","Three-day national education expo bringing together students, educators, policymakers, EdTech innovators, institutions, and industry leaders to showcase future-ready learning, career opportunities, and education innovations aligned with NEP 2020"
"Join Biggest Community | Investors Founders | Chandigarh | Online","Chandigarh, Punjab, India","2026-01-21T12:30:00+05:30","2026-01-21T13:30:00+05:30","Online","Free","One-hour online networking session connecting early-stage founders and investors for fundraising discussions, relationship building, and access to a curated investor-founder community"
"Join Biggest Community | Investors Founders | Kanpur | Online","Kanpur, Uttar Pradesh, India","2026-01-21T12:30:00+05:30","2026-01-21T13:30:00+05:30","Online","Free","One-hour online networking event designed to connect early-stage founders and investors from Kanpur for fundraising discussions, curated connections, and long-term professional networking"
"GITA FOR YOUTH | Personality Enrichment | FOLK Exclusive | Youth Motivation","Hare Krishna Golden Temple, Banjara Hills, Hyderabad","Multiple dates","Multiple dates","In-person","Free / Paid ($0.00+)","Recurring in-person youth personality enrichment and motivation program based on Bhagavad Gita principles, including leadership, life skills, meditation, food and accommodation at the Hare Krishna Golden Temple"
"Join Biggest Community | Investors Founders | Goa | Online","Candolim, Goa","2026-01-21T12:30:00+05:30","2026-01-21T13:30:00+05:30","Online","Free","One-hour online networking session connecting investors and founders in Goa to build relationships, explore fundraising opportunities, and grow professional networks"
"Pharmac South - 11th Edition","Chennai Trade Centre, Chennai","2026-06-04T10:00:00+05:30","2026-06-05T18:00:00+05:30","In-person","Free","Leading pharmaceutical and nutraceutical exhibition in South India bringing together manufacturers, suppliers, distributors and service providers to showcase innovations, explore markets, build partnerships, and strengthen business presence"
"Side Event: staaake Reverse Network Closing Power Walk at AI Dev Conference","Bilton Cafe, Bengaluru","2026-03-13T18:00:00+05:30","2026-03-13T19:00:00+05:30","In-person","Free / Paid ($0–$100)","Reverse networking power walk side event for AI and tech conference attendees, bringing together founders, creators, investors, and professionals to connect in person through an informal guided walk instead of traditional meetings"
"Ui/Ux Designing with AI Free Scholarship Test","Quality Thought - Software Training Institute, Ameerpet, Hyderabad","2026-01-25T10:30:00+05:30","2026-01-25T14:00:00+05:30","In-person","Free","UI/UX Designing with AI course featuring an instant admission process and a free scholarship test offering up to 100% fee waiver for selected candidates"
"Eldercare India Expo 2026","IEML, Knowledge Park II, Greater Noida, UP 201310","2026-04-24T10:00:00+05:30","2026-04-24T18:00:00+05:30","In-person","Free","India’s premier eldercare exhibition showcasing products, services, and innovations to support senior health, caregiving, and aging with dignity, bringing together healthcare providers, technology developers, caregivers, financial planners, and policymakers"
"Event 2","Chennai Beach Station, Beach Road, Chennai, TN 600001","2026-02-01T16:00:00+05:30","2026-02-01T18:00:00+05:30","In-person","Free","A fun in-person meetup to connect with people, socialize, and enjoy good vibes without screens—focused on networking, interaction, and shared experiences"
"Electric Exhibition 2026 – Ahmedabad | Power, Innovation & Future Techno","Gujarat University Convention and Exhibition Centre, Vijay Cross Road, Ahmedabad, GJ 380052","2026-06-05T10:00:00+05:30","2026-06-07T06:00:00+05:30","In-person","Free (Sold Out)","Premier electrical and electronics industry exhibition showcasing power equipment, solar technology, automation systems, wiring accessories, and future-ready electrical innovations for professionals, contractors, students, and tech enthusiasts"
"ISTF Expo 2026 – India Surface Treatment & Finishing Expo","Bharat Mandapam, Pragati Maidan, New Delhi, Delhi 110001","2026-07-29T10:00:00+05:30","2026-07-31T18:00:00+05:30","In-person","Free","Premier industry expo for surface treatment, finishing, coating and painting technologies, bringing together manufacturers, suppliers and buyers from automotive, electronics, construction, defence, energy and related sectors for innovation, networking and business growth"
"EAW Global Aqua Expo 2026","Pragati Maidan, Hall No. 12A, New Delhi, DL 110002","2026-08-06T10:00:00+05:30","2026-08-06T18:00:00+05:30","In-person","Free","Global water-focused expo bringing together leaders, innovators and solution providers to showcase advancements in water technology, sustainability, marine conservation and water-security solutions"
"India International Cargo Show: IICS 2026","Pragati Maidan, Mahatma Gandhi Road, IP Estate, New Delhi, DL 110001","Multiple dates","Multiple dates","In-person","Free","South Asia’s largest cargo and logistics exhibition bringing together policymakers, global logistics leaders and trade stakeholders across air, ocean and surface logistics, warehousing, cold chain, automation and supply chain technologies"
"Fire & Security India Expo (FSIE) 2026 - Mumbai Exhibition","Jio World Convention Centre, G Block, Bandra Kurla Complex, Bandra East, Mumbai, MH 400051","2026-09-03T10:00:00+05:30","Multiple dates","In-person","Free","Leading B2B trade show for fire safety, security systems and building automation showcasing latest technologies, products and industry networking opportunities"
"Holi Utsav 2026 - A Cultural Holi Experience in Delhi","Surat Garden, Santi Kunj, Vasant Kunj, New Delhi, DL 110070","2026-03-04T10:00:00+05:30","2026-03-04T16:30:00+05:30","In-person","Paid ($108.55)","All ages,Free parking,Refunds up to 7 days before event,$108.55,Vibrant cultural Holi celebration featuring colors, community festivities, and immersive cultural experiences in Delhi"
"7th Expo Paint & Coatings Chennai 2026","Chennai Trade Centre - Nandambakkam, CTC Complex, Nandambakkam, TN 600089","2026-06-11T10:00:00+05:30","2026-06-13T12:00:00+05:30","In-person","Free","Free parking, Doors at 9:59 AM, Free, Comprehensive paint and coatings exhibition featuring surface technologies, allied industries, B2B networking, and large-scale industry participation"
"Dubai Property Expo | Free Ticket for Smart Homes from ₹2 Cr","M3M Urbana Business Park, 6th Floor, Tower A, Gurugram, HR 122101","2026-01-25T10:00:00+05:30","2026-01-25T19:00:00+05:30","In-person","Free","Smart Dubai property expo showcasing luxury smart homes starting from ₹2 Cr with free entry tickets"
"The Gypsy Travel Festival","Jio World Drive, Mumbai, MH 400051","2026-01-01T10:00:00+05:30","2026-01-01T18:00:00+05:30","In-person","Free","India’s leading travel festival featuring global destinations, exclusive travel deals, cultural workshops, culinary experiences, and expert travel insights"
"Founders Running Club :: Mumbai","The Library Cafe, Carter Road, Mumbai, MH 400052","Multiple dates","Multiple dates","In-person","Free","Global founders & startup community hosting weekly easy runs followed by coffee and networking for founders, investors, operators, and creators"
"Launch of the book of Heritage Futures","Rajasthan International Center (RIC Auditorium), Jaipur, RJ 302017","Jan 29, 4:00 PM GMT+5:30","Jan 29, 6:00 PM GMT+5:30","In-person","Free","Book launch and immersive media event exploring speculative futures of heritage through design, worldbuilding, and visual publication"
"Pipes & Tubes Expo 2026","Chennai Trade Centre, Nandambakkam, Chennai","Not specified","Not specified","In-person","Free","Comprehensive international trade exhibition for the Pipes & Tubes industry, bringing together manufacturers, suppliers, service providers, and global decision-makers to showcase materials, machinery, innovations, and business opportunities"
"Best Coaching for NEET in Hyderabad","RANKRIDGE, Hyderabad","Not specified", "Not specified","In-person","Free","NEET coaching program by Rankridge offering student-focused preparation with experienced faculty, NCERT-based study material, mock tests, doubt-clearing sessions, and personal mentoring for medical aspirants"
"8th edition - EPCI in Oil & Gas Conference 2026","The Orchid Hotel Mumbai Vile Parle, Mumbai","2026-08-12T09:30:00+05:30","2026-08-12T16:30:00+05:30","In-person","Free","Industry conference bringing together national and international oil & gas companies, EPC contractors, and consultants to discuss sustainability, digitalization, project management, risk reduction, and emerging trends in oil, gas, petrochemical, and renewable energy projects"
"Learn How To Achieve Your 100% Mind Potential","Jangpura, South Delhi, New Delhi","Not specified","Not specified","In-person","Free","In-person lecture focused on handling stress, anxiety, and emotional challenges while improving mental clarity and personal potential, led by an experienced Scientologist speaker"
"Dairy Industry Conference & Exhibition","Yashobhoomi Convention Centre, Dwarka, New Delhi","2026-02-12T10:00:00+05:30","2026-02-12T18:00:00+05:30","In-person","Free","Premier dairy industry conference and exhibition focused on innovation, sustainability, partnerships, and the future of global dairy leadership, bringing together industry leaders, innovators, and stakeholders"
"Brodcom Spring Boot Certification Exam preparation","Janardhan Nagar, Lohagaon, Pune","Not specified", "Not specified","In-person","Free","In-person exam preparation session for Broadcom Spring Boot certification covering core concepts and MCQs, suitable for students, freshers, and backend developers, led by an experienced Java architect"
"Oracle Java 21 Certification Exam preparation","Yojna Nagar, Lohegaon, Pune","Not specified","Not specified","In-person","Free","In-person exam preparation session for Oracle Java SE 21 Developer Professional certification, covering core Java concepts and MCQs, suitable for freshers and experienced developers, led by an experienced Java architect"
"Master Stress Management & Focus for High-Pressure Tech Careers","Avasa, Hitech City, Hyderabad","2026-02-21T18:00:00+05:30","2026-02-21T19:00:00+05:30","In-person","Free","Free offline corporate wellness workshop for tech professionals focused on managing stress, improving focus, enhancing decision-making, and sustaining performance under high-pressure work environments, featuring founder-led open stage insights and networking"
"DataMites Data Science Course in Chennai","DataMites, Bengaluru","2026-02-18T10:00:00+05:30","2026-02-18T12:00:00+05:30","In-person","Paid","IABAC-accredited data science course session by DataMites Institute covering Python, R, statistics, and a certified data scientist pathway, designed for beginners and working professionals with internship and job assistance"
"New Delhi 2026 Venture Capital World Summit","CorporatEdge World Trade Center, New Delhi","2026-10-09T13:00:00+05:30","2026-10-09T18:00:00+05:30","In-person","Paid","Global venture capital and startup investment summit connecting international investors and entrepreneurs to enable funding, scaling opportunities, and cross-border business growth through a trusted global investment network"
"Delhi Social and Political Walk","UNIQLO Connaught Place, New Delhi","Not specified","Not specified","In-person","Paid","Interactive storytelling walk exploring Delhi’s social and political history through documentary-style analysis and street-level exploration, offering balanced insights into historical and contemporary events"
"DataMites Python Course in Pune","Datamites Pune, Pune","2026-01-19T08:30:00+05:30","2026-01-19T12:00:00+05:30","In-person","Free","Introductory Python course session by DataMites offering expert-led training, hands-on projects, and insights into career growth opportunities in Python and data analytics"
"Generative Zine Jam : A hands-on workshop on Zine making","Public Arts Trust of India HQ, Jaipur","2026-01-29T11:00:00+05:30","2026-01-29T14:00:00+05:30","In-person","Free","Hands-on workshop introducing participants to creating digital zines using coding and interactive media, blending storytelling, design, and technology to explore creative digital publishing"
"Analog Interaction with Light Art","Jawahar Kala Kendra, Jaipur","2026-01-30T16:00:00+05:30","2026-01-30T19:30:00+05:30","In-person","Free","Hands-on workshop led by interactive artist Ansh Kumar introducing projection mapping through analog DIY methods, exploring light as a tool to transform static spaces into responsive and expressive environments"
"DataMites Data Science Courses in Hyderabad","DataMites, Ayyappa Society Main Road, Hyderabad","2026-02-21T10:00:00+05:30","2026-02-21T12:00:00+05:30","In-person","Free","IABAC-accredited data science course session by DataMites Institute offering hands-on training in Python, R, and statistics with a complete certified data scientist pathway, including internship and job assistance for learners at all levels"
"SEO Cousre Free Training","Quality Thought, Ameerpet, Hyderabad","2026-02-27T10:00:00+05:30","2026-02-27T12:00:00+05:30","In-person","Free","Hands-on free SEO training session covering the latest strategies to improve website visibility and search engine rankings, suitable for beginners and professionals looking to boost their online presence"
"GCP Data Engineer FREE DEMO ON 21 JAN 2026","Quality Thought, Ameerpet, Hyderabad","2026-02-26T10:00:00+05:30","2026-02-26T12:00:00+05:30","In-person","Free","Hands-on free demo session on Google Cloud Platform data engineering, designed for beginners and professionals to gain practical exposure, clarify concepts, and explore GCP data engineering skills"
"Free Demo on Azure Data Engineer Training on 19January2026 at 09:30am","Nilgiri Block, Ameerpet, Hyderabad","2026-01-19T09:30:00+05:30","2026-01-19T11:30:00+05:30","Hybrid","Free","Free demo session introducing Azure Data Engineering concepts, tools, and real-world use cases, covering services like Azure Data Factory, Data Lake, Synapse Analytics, Databricks, and ETL pipelines, designed for students and professionals exploring a data engineering career"
"International Conference on Tourism, Transport, and Logistics ( ICTTL )","Pune, Maharashtra","2026-03-24T10:00:00+05:30","2026-03-24T14:00:00+05:30","In-person","Free","International academic and industry conference bringing together researchers, scholars, engineers, and students to present and discuss global research, ideas, and applications in tourism, transport, and logistics, fostering collaboration"
"Women in Tech Mumbai - OutGeekWomen","Mumbai, Maharashtra","2026-11-05T18:00:00+05:30","2026-11-05T20:30:00+05:30","In-person","Paid","Networking and hiring-focused event bringing together mid- and senior-level women professionals in tech to connect with CTOs, engineering leaders, hiring teams, and fellow technologists through pitches, discussions, speed interviews, and community-driven networking"
"India International Industrial Expo","Adlux International Convention Center, Kochi","2026-01-16T10:00:00+05:30","2026-01-18T18:00:00+05:30","In-person","Free","Premier industrial exhibition bringing together global experts, manufacturers, and engineers to showcase cutting-edge technologies, innovations, and best practices across industrial, manufacturing, and engineering sectors"
"Bihar Medical Expo 2026","Gyan Bhawan, Gandhi Maidan Road, Patna","2026-11-21T10:00:00+05:30","2026-11-23T18:00:00+05:30","In-person","Free","Fifth edition of the Bihar Medical Expo bringing together healthcare professionals, medical equipment manufacturers, suppliers, and stakeholders to showcase innovations, products, and services in the medical and healthcare sector"
"Mumbai International Finance Expo","Jio World Convention Centre, Bandra Kurla Complex, Mumbai","2026-05-21T08:30:00+05:30","2026-05-22T17:00:00+05:30","In-person","Paid","International finance expo bringing together global financial experts, investors, and institutions to discuss forex, fintech, crypto, blockchain, and digital assets, focused on knowledge sharing, resource docking, and high-level networking across the financial industry chain"
"Raspberry Pi Hands-On Build Day: IoT & Automation Workshop","Anurag University, Ghatkesar Road, Hyderabad","2026-02-14T09:00:00+05:30","2026-02-14T16:00:00+05:30","In-person","Free","Hands-on IoT and automation workshop for engineering students focused on building real-world Raspberry Pi projects using Python, sensors, and actuators, with team-based project tracks in industrial monitoring, lab safety, and classroom automation"
"Meeting the Challenge of Infectious Diseases in a Changing World","Dr. TMA Pai Halls, Manipal","2026-10-14T07:00:00+05:30","2026-10-16T17:00:00+05:30","In-person","Paid","International scientific conference bringing together leading researchers to discuss emerging infectious diseases, antimicrobial resistance, diagnostics, vaccination strategies, climate change impacts, and pandemic preparedness, organized in partnership with Nature research journals"
"International Conferences on Medical and Health Science ( ICMHS )","Pune, Maharashtra","2026-03-24T10:00:00+05:30","2026-03-24T14:00:00+05:30","In-person","Free","International conference bringing together scientists, scholars, engineers, students, and industry professionals to present research, exchange ideas, and foster collaboration in medical and health sciences"
"TMD Workshop","Audiocup Coffeehouse, Banjara Hills, Hyderabad","2026-01-24T18:00:00+05:30","2026-01-24T21:00:00+05:30","In-person","Free","Open workshop inviting participants to join The Mighty Tribe, focused on learning, skill development, and community interaction in business and design"
"Business Transformation & Operational Excellence India Summit","Bengaluru, Karnataka","2026-02-19T10:00:00+05:30","2026-02-19T21:00:00+05:30","In-person","Paid","National flagship summit focused on business transformation and operational excellence, covering strategic leadership, AI in operations, intelligent automation, and advanced business process management, designed to equip Indian enterprises with actionable strategies to scale and compete globally"
"Gujarat Medical Expo 2026","Vigyan Bhawan Science City, Ahmedabad","2026-09-25T10:00:00+05:30","2026-09-27T18:00:00+05:30","In-person","Free","Second edition of Gujarat’s leading medical exhibition bringing together medical equipment manufacturers, hospital suppliers, doctors, and distributors to showcase healthcare technologies, connect with buyers, and expand medical business opportunities"
"ORGANIC EXPO 2026","Pragati Maidan, New Delhi","2026-02-15T09:00:00+05:30","2026-02-17T18:00:00+05:30","In-person","Paid","Fifth edition of India’s leading organic, Ayurveda, health and wellness exhibition showcasing organic food, natural products, herbal remedies, eco-friendly lifestyle solutions, and holistic health practices, featuring brand exhibitions, seminars, workshops, and B2B/B2C networking"
"Full Stack Python Coaching in Hyderabad","Capital Park Road, Hyderabad","2025-12-16T01:30:00+05:30","2026-02-15T23:30:00+05:30","In-person","Free","Hands-on full stack Python coaching program covering Python, Django, REST APIs, front-end technologies, databases, and cloud deployment, with real-time projects, industry-experienced trainers, and placement assistance for aspiring and working developers"
"Gyan museum artist walkthrough","Gyan Museum, Jaipur","2026-01-28T19:00:00+05:30","2026-01-28T20:00:00+05:30","In-person","Free","Curator-led walkthrough of the Gyan Museum exploring contemporary and traditional artworks, offering insights into the stories, techniques, philosophies, and narratives behind the museum’s distinguished collection"
"AGRICULTURE Farm Management, Water & Energy Management","Open Greenfields, Siddipet, Telangana","2026-08-23T06:00:00+05:30","2026-08-25T21:00:00+05:30","In-person","Paid","Agriculture-focused training and field-based program covering farm management practices along with water and energy management strategies, aimed at improving sustainable agricultural operations and resource efficiency"
"Test Bug Creation","Dudhsagar Falls, Sonauli","2025-12-26T07:00:00+05:30","2026-02-27T10:00:00+05:30","In-person","Paid","In-person community music festival held at Dudhsagar Falls, offering a long-duration outdoor experience with live music and festival-style activities"
"DataMites - Data Science Institute in Bangalore","DataMites, Bengaluru","2025-07-23T11:30:00+05:30","2026-02-23T13:30:00+05:30","In-person","Paid","Expert-led data science training program by DataMites Institute covering Data Science, Machine Learning, Python, Deep Learning, AI, and Tableau, accredited by IABAC and NASSCOM, featuring hands-on projects and globally recognized certifications for career advancement"
"AI Full Stack Development Course in Madhapur","Capital Park Road, Hyderabad","2025-12-04T01:00:00+05:30","2026-02-04T23:30:00+05:30","In-person","Paid","Comprehensive AI full stack development course covering front-end and back-end technologies along with Generative AI, Agentic AI, machine learning, and real-time project implementation, designed to build job-ready, future-proof developers with placement assistance"
"Data Science Institute in Mumbai","DataMites, Teli Gali, Mumbai","2025-11-24T07:00:00+05:30","2026-08-24T09:00:00+05:30","In-person","Paid","Comprehensive data science training program by DataMites Institute covering Data Science, Machine Learning, Python, Tableau, Deep Learning, and Artificial Intelligence, accredited by IABAC and NASSCOM FutureSkills, featuring hands-on projects and industry mentorship"
"Apex Venture & Tech Connect Days in Bengaluru, India","JW Marriott Bengaluru Prestige Golfshire Resort & Spa, Bengaluru","2026-01-15T09:00:00+05:30","2026-01-18T18:00:00+05:30","In-person","Paid","Four-day venture-focused tech and startup connect event designed for founders, investors, and partners, featuring short presentations, continuous networking, blackboard pitch areas, startup pitch boards, and curated meetings to enable real conversations, deal flow, and collaboration"
"PMP Training Bangalore | PMP Training Institutes Bangalore","Hotel Fortune Inn JP Cordial, Bangalore","Not specified","Not specified","In-person","Paid","Four-day PMP Certification training program by KnowledgeWoods Consulting, a PMI Global R.E.P., offering 35 PDUs, mock exams, extensive practice questions, PMBOK-based study material, and a 45-day 100% pass money-back guarantee for project management professionals"
"PMP Training Classes Mumbai | PMP Training Mumbai | PMP Training Institutes Mumbai","Residency Hotel, Andheri East, Mumbai","Not specified","Not specified","In-person","Paid","Four-day PMP Certification training program by KnowledgeWoods Consulting, a PMI Global R.E.P., offering 35 PDUs, mock examinations, extensive practice questions, PMBOK-based reference material, and a 45-day 100% pass money-back guarantee for project management professionals"
"Best Data Science Institute in Indore","Datamites Indore - Data Science & Analyst Courses, Indore, Madhya Pradesh","Not specified","Not specified","In-person","Paid","IABAC-accredited Data Science training by DataMites Institute covering Python, SQL, and Machine Learning with 700+ learning hours, internships, placement assistance, and an 8-month structured program"
"TstEvent","Anna University, Chennai, Tamil Nadu","Not specified","Not specified","In-person","Sales Ended","Test event categorized under Auto, Boat & Air, held at Anna University, Chennai"
"PMP Certification at Chennai","The Pride, 216 E V R Periyar Salai, Poonamallee High Road, Kilpauk, Chennai, Tamil Nadu 600010","Not specified","Not specified","In-person","Sales Ended","Four-day PMP certification preparation workshop by KnowledgeWoods Consulting with mock exams, PDUs, and pass-money-back guarantee"
"Top Data science institute in Coimbatore","DataMites - Data Science & Analyst Courses in Coimbatore, Avinashi Road, Coimbatore, Tamil Nadu 641004","Not specified","Not specified","In-person","Sales Ended","IABAC-certified Data Science training by DataMites with 700+ learning hours, internships, and placement assistance"
"Full Stack Developer Course Training in Bangalore","eMexo Technologies, 3rd Cross Road, Nagalaya, Bengaluru, Karnataka 560100","2026-01-25T10:00:00+05:30","2026-08-29T12:00:00+05:30","In-person","Sales Ended","Comprehensive in-person full stack developer training covering front-end technologies like HTML, CSS, JavaScript and back-end frameworks including Node.js and Express, aimed at building job-ready web development skills"
"Data Science Training Institute in Pune","DataMites Pune – Data Science Analytics & Analyst Courses, Kharadi, Pune","2025-07-28T07:00:00+05:30","2026-03-28T09:00:00+05:30","In-person","Sales Ended","Expert-led data science training covering Data Science, Machine Learning, Python, Tableau, Deep Learning, and Artificial Intelligence with hands-on projects, industry mentorship, and globally recognized certifications"
"DataMites - Data Science Offline Training in Bangalore","DataMites - Data Science Courses in Bangalore, C-25 Bengaluru–Chennai Highway, Bengaluru, KA 560068","2025-07-21T11:30:00+05:30","2026-03-21T13:30:00+05:30","In-person","Sales Ended","Offline data science training covering Data Science, Machine Learning, Python, Tableau, Deep Learning, and Artificial Intelligence with hands-on projects, industry mentorship, and globally recognized IABAC & NASSCOM FutureSkills certifications"
"Data Science Certification Training in Bangalore","DataMites - Data Science Courses in Bangalore, C-25 Bengaluru–Chennai Highway, Bengaluru, KA 560068","2025-09-22T11:30:00+05:30","2026-05-22T13:30:00+05:30","In-person","Sales Ended","Comprehensive data science certification training covering Data Science, Machine Learning, Python, Tableau, Deep Learning, and Artificial Intelligence with hands-on projects, expert mentorship, and globally recognized IABAC & NASSCOM FutureSkills certifications"
"Join Biggest Community | Investors Founders | Pune | Online","Online Event, Pune, Maharashtra","2026-01-21T12:30:00+05:30","2026-01-21T13:30:00+05:30","Online","Free","Networking-focused community event connecting early-stage founders and investors for fundraising and relationship building through curated, shortlisted participation"
